remote_ip2num,is_tcp,is_udp,pkt_len
2899905666,1,0,46
2899905064,1,0,46
2899905064,1,0,0
2899905666,1,0,0
2163118960,1,0,0
2163118960,1,0,0
2163118960,1,0,0
2899905064,1,0,0
2163118960,1,0,0
2899905666,1,0,0
2163118960,1,0,45
872984525,1,0,0
301562358,1,0,0
2163118960,1,0,31
2163118960,1,0,0
301562358,1,0,0
301562358,1,0,0
872984525,1,0,6
2163118960,1,0,0
2163118960,1,0,52
872984525,1,0,0
872984525,1,0,42
2163118960,1,0,0
2163118960,1,0,21
872984525,1,0,0
2163118960,1,0,61
872984525,1,0,0
872984525,1,0,6
2163118960,1,0,0
2163118960,1,0,1288
2163118960,1,0,400
872984525,1,0,0
2163118960,1,0,246
872984525,1,0,0
2163118960,1,0,58
872984525,1,0,0
2163118960,1,0,15
872984525,1,0,0
2163118960,1,0,1288
2163118960,1,0,664
872984525,1,0,0
2163118960,1,0,21
872984525,1,0,0
2163118960,1,0,122
872984525,1,0,10
872984525,1,0,0
2163118960,1,0,19
872984525,1,0,0
2163118960,1,0,28
872984525,1,0,0
2163118960,1,0,13
872984525,1,0,0
2163118960,1,0,16
872984525,1,0,0
2163118960,1,0,1288
2163118960,1,0,1288
2163118960,1,0,1288
872984525,1,0,0
872984525,1,0,0
2163118960,1,0,1200
872984525,1,0,0
2163118960,1,0,41
872984525,1,0,0
2163118960,1,0,17
872984525,1,0,0
2163118960,1,0,46
872984525,1,0,0
2163118960,1,0,220
872984525,1,0,0
2163118960,1,0,14
872984525,1,0,0
872984525,1,0,5
2163118960,1,0,188
872984525,1,0,10
2163118960,1,0,0
2163118960,1,0,752
872984525,1,0,0
2163118960,1,0,42
872984525,1,0,0
872984525,1,0,28
2163118960,1,0,57
872984525,1,0,0
2163118960,1,0,0
2163118960,1,0,583
872984525,1,0,0
2163118960,1,0,130
872984525,1,0,0
2163118960,1,0,88
872984525,1,0,0
2163118960,1,0,17
872984525,1,0,0
2163118960,1,0,560
872984525,1,0,0
2163118960,1,0,13
872984525,1,0,0
872984525,1,0,20
2163118960,1,0,294
872984525,1,0,0
2163118960,1,0,0
2163118960,1,0,403
872984525,1,0,0
2163118960,1,0,890
872984525,1,0,0
872984525,1,0,13
2163118960,1,0,54
872984525,1,0,0
2163118960,1,0,0
872984525,1,0,86
2163118960,1,0,182
872984525,1,0,0
2163118960,1,0,0
2163118960,1,0,270
872984525,1,0,0
2163118960,1,0,13
872984525,1,0,0
872984525,1,0,42
2163118960,1,0,0
2163118960,1,0,39
872984525,1,0,0
872984525,1,0,20
2163118960,1,0,0
2163118960,1,0,80
872984525,1,0,0
2163118960,1,0,90
872984525,1,0,0
872984525,1,0,21
2163118960,1,0,611
2163118960,1,0,0
872984525,1,0,0
2163118960,1,0,103
872984525,1,0,0
2899905674,1,0,46
2899905674,1,0,31
2899905674,1,0,0
2163118960,1,0,0
2163118960,1,0,0
2163118960,1,0,0
2899905674,1,0,0
872984525,1,0,21
2163118960,1,0,0
2163118960,1,0,44
872984525,1,0,0
872984525,1,0,21
2163118960,1,0,0
2163118960,1,0,25
872984525,1,0,0
872984525,1,0,21
2163118960,1,0,0
2163118960,1,0,23
872984525,1,0,0
2163118960,1,0,65
872984525,1,0,0
872984525,1,0,21
2163118960,1,0,0
2163118960,1,0,12
872984525,1,0,0
872984525,1,0,22
2163118960,1,0,0
2163118960,1,0,42
872984525,1,0,0
872984525,1,0,38
2163118960,1,0,108
872984525,1,0,0
2163118960,1,0,0
2163118960,1,0,436
872984525,1,0,0
872984525,1,0,10
2163118960,1,0,0
2163118960,1,0,15
872984525,1,0,0
2163118960,1,0,188
872984525,1,0,0
872984525,1,0,11
2163118960,1,0,0
2163118960,1,0,13
872984525,1,0,0
872984525,1,0,6
2163118960,1,0,0
877215892,1,0,288
583744014,1,0,288
2163118960,1,0,325
877215892,1,0,0
2163118960,1,0,325
583744014,1,0,0
2163118960,1,0,1288
2163118960,1,0,429
872984525,1,0,0
2163118960,1,0,680
872984525,1,0,0
2163118960,1,0,287
872984525,1,0,0
2163118960,1,0,30
872984525,1,0,0
2163118960,1,0,1288
872984525,1,0,0
2163118960,1,0,781
872984525,1,0,0
2163118960,1,0,15
872984525,1,0,0
2163118960,1,0,21
872984525,1,0,0
2163118960,1,0,92
872984525,1,0,0
2163118960,1,0,55
872984525,1,0,0
2163118960,1,0,109
872984525,1,0,0
2163118960,1,0,100
872984525,1,0,0
2163118960,1,0,723
872984525,1,0,0
2163118960,1,0,36
872984525,1,0,0
2163118960,1,0,99
872984525,1,0,0
872984525,1,0,144
2163118960,1,0,12
872984525,1,0,0
2163118960,1,0,0
872984525,1,0,30
2163118960,1,0,0
2163118960,1,0,1193
872984525,1,0,0
2163118960,1,0,14
872984525,1,0,0
2163118960,1,0,99
872984525,1,0,0
2163118960,1,0,11
872984525,1,0,0
2163118960,1,0,13
872984525,1,0,0
872984525,1,0,24
2163118960,1,0,275
872984525,1,0,0
2163118960,1,0,0
2163118960,1,0,511
872984525,1,0,0
2163118960,1,0,14
872984525,1,0,0
2163118960,1,0,54
872984525,1,0,0
2163118960,1,0,59
872984525,1,0,0
2163118960,1,0,11
872984525,1,0,0
872984525,1,0,12
2163118960,1,0,10
2163118960,1,0,0
872984525,1,0,0
2163118960,1,0,95
872984525,1,0,0
2163118960,1,0,42
2163118960,1,0,31
2163118960,1,0,0
1611053072,1,0,0
1611053072,1,0,0
1611053072,1,0,31
1611053072,1,0,0
2163118960,1,0,0
872984525,1,0,0
2163118960,1,0,24
872984525,1,0,0
2163118960,1,0,112
872984525,1,0,0
2163118960,1,0,51
872984525,1,0,0
2163118960,1,0,1288
872984525,1,0,0
2163118960,1,0,688
872984525,1,0,0
2163118960,1,0,18
872984525,1,0,10
872984525,1,0,0
2163118960,1,0,0
2163118960,1,0,47
872984525,1,0,0
2163118960,1,0,36
872984525,1,0,0
872984525,1,0,30
2163118960,1,0,46
872984525,1,0,0
2163118960,1,0,0
2163118960,1,0,431
872984525,1,0,0
2163118960,1,0,13
872984525,1,0,0
2163118960,1,0,14
872984525,1,0,0
2163118960,1,0,57
872984525,1,0,0
2163118960,1,0,25
872984525,1,0,0
2163118960,1,0,780
872984525,1,0,0
2163118960,1,0,18
872984525,1,0,0
2163118960,1,0,32
877215892,1,0,0
2163118960,1,0,32
583744014,1,0,0
296207078,1,0,0
2163118960,1,0,0
296207078,1,0,0
2163118960,1,0,13
872984525,1,0,0
2163118960,1,0,13
872984525,1,0,0
2163118960,1,0,12
872984525,1,0,0
2163118960,1,0,12
872984525,1,0,0
872984525,1,0,19
2163118960,1,0,106
2163118960,1,0,0
872984525,1,0,0
2163118960,1,0,270
872984525,1,0,0
2163118960,1,0,9
872984525,1,0,0
872984525,1,0,19
2163118960,1,0,17
872984525,1,0,0
2163118960,1,0,0
2163118960,1,0,10
872984525,1,0,0
2163118960,1,0,305
872984525,1,0,0
2163118960,1,0,1288
2163118960,1,0,148
872984525,1,0,0
2163118960,1,0,264
872984525,1,0,0
2163118960,1,0,21
872984525,1,0,0
872984525,1,0,19
2163118960,1,0,98
872984525,1,0,0
2163118960,1,0,0
2163118960,1,0,286
872984525,1,0,0
2163118960,1,0,48
872984525,1,0,0
2163118960,1,0,26
872984525,1,0,0
2163118960,1,0,12
872984525,1,0,0
2163118960,1,0,1288
2163118960,1,0,1288
2163118960,1,0,634
872984525,1,0,0
872984525,1,0,0
872984525,1,0,0
872984525,1,0,20
2163118960,1,0,190
872984525,1,0,0
2163118960,1,0,0
2163118960,1,0,410
872984525,1,0,0
2163118960,1,0,20
872984525,1,0,0
2163118960,1,0,88
872984525,1,0,0
2163118960,1,0,71
872984525,1,0,0
2163118960,1,0,71
872984525,1,0,0
2163118960,1,0,246
872984525,1,0,0
2163118960,1,0,101
872984525,1,0,0
2163118960,1,0,521
872984525,1,0,0
872984525,1,0,21
2163118960,1,0,13
872984525,1,0,0
2163118960,1,0,0
2163118960,1,0,798
872984525,1,0,0
2163118960,1,0,264
872984525,1,0,0
872984525,1,0,23
2163118960,1,0,0
872984525,1,0,54
2163118960,1,0,186
872984525,1,0,0
2163118960,1,0,0
872984525,1,0,42
2163118960,1,0,174
872984525,1,0,0
2163118960,1,0,0
2163118960,1,0,430
872984525,1,0,0
2163118960,1,0,166
872984525,1,0,0
872984525,1,0,21
2163118960,1,0,203
872984525,1,0,0
2163118960,1,0,0
872984525,1,0,42
2163118960,1,0,140
872984525,1,0,0
2163118960,1,0,0
2163118946,1,0,0
2163118960,1,0,0
2163118960,1,0,40
872984525,1,0,0
872984525,1,0,21
2163118960,1,0,775
872984525,1,0,0
2163118960,1,0,0
2163118960,1,0,194
872984525,1,0,0
872984525,1,0,21
2163118960,1,0,0
2163118960,1,0,15
872984525,1,0,0
2163118960,1,0,113
872984525,1,0,0
872984525,1,0,21
2163118960,1,0,0
2163118960,1,0,15
872984525,1,0,0
2163118960,1,0,25
872984525,1,0,0
872984525,1,0,21
2163118960,1,0,0
2163118960,1,0,76
872984525,1,0,0
2163118960,1,0,181
872984525,1,0,0
872984525,1,0,21
2163118960,1,0,0
2163118960,1,0,237
872984525,1,0,0
872984525,1,0,22
2163118960,1,0,0
2163118960,1,0,215
872984525,1,0,0
2163118960,1,0,72
872984525,1,0,0
872984525,1,0,21
2163118960,1,0,51
872984525,1,0,0
872984525,1,0,19
2163118960,1,0,269
872984525,1,0,0
872984525,1,0,21
2163118960,1,0,0
2163118960,1,0,160
872984525,1,0,0
2163118960,1,0,109
872984525,1,0,0
2163118960,1,0,115
872984525,1,0,0
872984525,1,0,22
2163118960,1,0,0
2163118960,1,0,148
872984525,1,0,0
872984525,1,0,22
2163118960,1,0,0
2163118960,1,0,73
872984525,1,0,0
2163118960,1,0,9
872984525,1,0,0
872984525,1,0,21
2163118960,1,0,0
2163118960,1,0,179
872984525,1,0,0
872984525,1,0,6
2163118960,1,0,0
872984525,1,0,22
2163118960,1,0,0
2163118960,1,0,1280
872984525,1,0,0
2163118960,1,0,784
872984525,1,0,0
2163118960,1,0,35
872984525,1,0,0
2163118960,1,0,1288
2163118960,1,0,616
2163118960,1,0,616
872984525,1,0,21
872984525,1,0,0
2163118960,1,0,0
2163118960,1,0,1288
872984525,1,0,0
2163118960,1,0,647
872984525,1,0,0
877215892,1,0,288
583744014,1,0,288
2163118960,1,0,325
877215892,1,0,0
2163118960,1,0,325
583744014,1,0,0
2163118960,1,0,13
872984525,1,0,0
2163118960,1,0,15
872984525,1,0,0
872984525,1,0,21
2163118960,1,0,288
872984525,1,0,0
2163118960,1,0,0
2163118960,1,0,71
872984525,1,0,0
2163118960,1,0,737
872984525,1,0,0
2163118960,1,0,21
872984525,1,0,21
872984525,1,0,0
2163118960,1,0,0
2163118960,1,0,408
872984525,1,0,0
2163118960,1,0,66
872984525,1,0,0
2163118960,1,0,19
872984525,1,0,0
2163118960,1,0,12
872984525,1,0,19
872984525,1,0,0
2163118960,1,0,15
2163118960,1,0,0
872984525,1,0,0
2163118960,1,0,474
872984525,1,0,0
872984525,1,0,21
2163118960,1,0,12
872984525,1,0,0
2163118960,1,0,0
2163118960,1,0,196
872984525,1,0,0
2163118960,1,0,22
872984525,1,0,0
2163118960,1,0,85
872984525,1,0,0
872984525,1,0,20
2163118960,1,0,0
2163118960,1,0,232
872984525,1,0,0
2163118960,1,0,11
872984525,1,0,0
2163118960,1,0,132
872984525,1,0,0
872984525,1,0,21
2163118960,1,0,24
872984525,1,0,0
2163118960,1,0,0
2163118960,1,0,368
872984525,1,0,0
872984525,1,0,144
2163118960,1,0,11
872984525,1,0,0
2163118960,1,0,0
2163118960,1,0,35
872984525,1,0,0
872984525,1,0,21
2163118960,1,0,48
2163118960,1,0,0
872984525,1,0,0
2163118960,1,0,164
872984525,1,0,0
2163118960,1,0,11
2163118960,1,0,1288
872984525,1,0,0
872984525,1,0,0
2163118960,1,0,630
872984525,1,0,0
872984525,1,0,22
2163118960,1,0,88
872984525,1,0,0
2163118960,1,0,0
2163118960,1,0,49
872984525,1,0,0
2163118960,1,0,370
872984525,1,0,0
2163118960,1,0,132
872984525,1,0,0
2163118960,1,0,11
872984525,1,0,0
2163118960,1,0,13
872984525,1,0,0
2163118960,1,0,210
872984525,1,0,0
2163118960,1,0,57
872984525,1,0,0
872984525,1,0,21
2163118960,1,0,1288
2163118960,1,0,233
872984525,1,0,0
2163118960,1,0,0
2163118960,1,0,111
872984525,1,0,0
2163118960,1,0,512
872984525,1,0,0
2163118960,1,0,16
872984525,1,0,0
2163118960,1,0,179
872984525,1,0,0
872984525,1,0,21
2163118960,1,0,0
2163118960,1,0,233
872984525,1,0,0
2163118960,1,0,88
872984525,1,0,0
2163118960,1,0,26
872984525,1,0,0
2163118960,1,0,1288
872984525,1,0,0
2163118960,1,0,273
872984525,1,0,0
2163118960,1,0,16
872984525,1,0,0
872984525,1,0,21
2163118960,1,0,26
872984525,1,0,0
2163118960,1,0,0
2163118960,1,0,349
872984525,1,0,0
2163118960,1,0,70
872984525,1,0,0
2163118960,1,0,26
2163118960,1,0,1288
872984525,1,0,0
872984525,1,0,0
872984525,1,0,19
2163118960,1,0,1125
872984525,1,0,0
2163118960,1,0,0
2163118960,1,0,0
2163118960,1,0,504
872984525,1,0,0
872984525,1,0,21
2163118960,1,0,0
2163118960,1,0,354
872984525,1,0,0
2163118960,1,0,17
872984525,1,0,0
2163118960,1,0,32
877215892,1,0,0
2163118960,1,0,32
583744014,1,0,0
2163118960,1,0,117
872984525,1,0,0
872984525,1,0,21
2163118960,1,0,72
872984525,1,0,0
2163118960,1,0,0
2163118960,1,0,170
872984525,1,0,0
2163118960,1,0,1288
2163118960,1,0,823
872984525,1,0,0
872984525,1,0,0
2163118960,1,0,21
872984525,1,0,0
2163118960,1,0,18
872984525,1,0,21
872984525,1,0,0
2163118960,1,0,0
2163118960,1,0,60
2899905678,1,0,46
2899905668,1,0,46
2899905678,1,0,46
2899905678,1,0,0
2899905678,1,0,0
2899905668,1,0,0
2899905667,1,0,46
2899905678,1,0,46
2899905134,1,0,46
1249713597,1,0,46
2899905314,1,0,46
2899905678,1,0,0
1249713597,1,0,0
3627734147,1,0,46
2899905134,1,0,0
2899905314,1,0,0
2899905667,1,0,0
3627734147,1,0,0
2163118960,1,0,0
2163118960,1,0,0
2163118960,1,0,0
2899905678,1,0,0
2163118960,1,0,0
2163118960,1,0,0
2899905668,1,0,0
2163118960,1,0,0
2899905678,1,0,0
2163118960,1,0,0
2163118960,1,0,0
2163118960,1,0,0
2163118960,1,0,0
2899905134,1,0,0
2163118960,1,0,0
2163118960,1,0,0
2899905678,1,0,0
2163118960,1,0,0
2899905667,1,0,0
2163118960,1,0,0
2899905314,1,0,0
2163118960,1,0,0
2163118960,1,0,0
1249713597,1,0,0
872984525,1,0,0
2163118960,1,0,0
2163118960,1,0,0
3627734147,1,0,0
2163118960,1,0,577
872984525,1,0,0
2163118960,1,0,24
872984525,1,0,0
2163118960,1,0,90
872984525,1,0,0
2163118960,1,0,16
872984525,1,0,0
2163118960,1,0,11
872984525,1,0,0
2163118960,1,0,33
872984525,1,0,0
2163118960,1,0,11
872984525,1,0,0
872984525,1,0,21
2163118960,1,0,243
872984525,1,0,0
2163118960,1,0,0
2163118960,1,0,160
872984525,1,0,0
2163118960,1,0,13
872984525,1,0,0
2163118960,1,0,120
872984525,1,0,0
2163118960,1,0,41
872984525,1,0,0
872984525,1,0,20
2163118960,1,0,105
872984525,1,0,0
2163118960,1,0,0
2163118960,1,0,93
872984525,1,0,0
2163118960,1,0,58
872984525,1,0,0
2163118960,1,0,16
872984525,1,0,0
2163118960,1,0,11
872984525,1,0,0
2163118960,1,0,102
872984525,1,0,0
872984525,1,0,21
2163118960,1,0,9
2163118960,1,0,0
872984525,1,0,0
2163118960,1,0,171
872984525,1,0,0
2163118960,1,0,70
872984525,1,0,0
2163118960,1,0,16
872984525,1,0,0
2163118960,1,0,371
872984525,1,0,19
872984525,1,0,0
2163118960,1,0,0
2163118960,1,0,253
872984525,1,0,0
872984525,1,0,21
2163118960,1,0,0
2163118960,1,0,89
872984525,1,0,0
2163118960,1,0,183
872984525,1,0,0
2163118960,1,0,11
872984525,1,0,0
2163118960,1,0,49
872984525,1,0,21
872984525,1,0,0
2163118960,1,0,0
2163118960,1,0,13
872984525,1,0,5
872984525,1,0,0
2163118960,1,0,121
2163118960,1,0,0
872984525,1,0,0
2163118960,1,0,82
872984525,1,0,0
2163118960,1,0,1288
2163118960,1,0,442
872984525,1,0,0
2163118960,1,0,48
872984525,1,0,0
2163118960,1,0,38
872984525,1,0,5
872984525,1,0,0
2163118960,1,0,30
2163118960,1,0,0
872984525,1,0,29
2163118960,1,0,68
872984525,1,0,0
2163118960,1,0,137
872984525,1,0,0
872984525,1,0,21
2163118960,1,0,13
872984525,1,0,0
2163118960,1,0,0
2163118960,1,0,190
872984525,1,0,0
2163118960,1,0,21
872984525,1,0,0
2163118960,1,0,1245
872984525,1,0,0
2163118960,1,0,21
872984525,1,0,0
2163118960,1,0,379
872984525,1,0,0
2163118960,1,0,123
872984525,1,0,0
2163118960,1,0,27
872984525,1,0,0
2163118960,1,0,23
872984525,1,0,0
2163118960,1,0,1288
872984525,1,0,0
2163118960,1,0,1089
872984525,1,0,0
2163118960,1,0,80
872984525,1,0,0
872984525,1,0,11
2163118960,1,0,11
2163118960,1,0,0
872984525,1,0,0
2163118960,1,0,30
872984525,1,0,0
2163118960,1,0,27
872984525,1,0,0
2163118960,1,0,247
872984525,1,0,0
2163118960,1,0,17
872984525,1,0,0
872984525,1,0,19
2163118960,1,0,16
872984525,1,0,0
2163118960,1,0,1288
2163118960,1,0,0
2163118960,1,0,436
872984525,1,0,0
872984525,1,0,0
2163118960,1,0,235
872984525,1,0,0
2163118960,1,0,143
872984525,1,0,0
2163118960,1,0,13
872984525,1,0,0
872984525,1,0,19
2163118960,1,0,12
872984525,1,0,0
2163118960,1,0,0
2163118960,1,0,26
872984525,1,0,0
2163118960,1,0,290
872984525,1,0,0
872984525,1,0,21
2163118960,1,0,13
872984525,1,0,0
2163118960,1,0,0
2163118960,1,0,173
872984525,1,0,0
2163118960,1,0,1288
872984525,1,0,0
2163118960,1,0,641
872984525,1,0,0
2163118960,1,0,200
872984525,1,0,0
2163118960,1,0,88
872984525,1,0,0
2163118960,1,0,45
872984525,1,0,0
2163118960,1,0,24
872984525,1,0,0
2163118960,1,0,589
872984525,1,0,0
2163118960,1,0,13
872984525,1,0,0
2163118960,1,0,18
872984525,1,0,0
2163118960,1,0,13
872984525,1,0,0
2163118960,1,0,13
872984525,1,0,0
2163118960,1,0,217
872984525,1,0,0
872984525,1,0,19
2163118960,1,0,747
2163118960,1,0,0
2163118960,1,0,747
872984525,1,0,0
2163118960,1,0,180
872984525,1,0,0
872984525,1,0,54
2163118960,1,0,0
2163118960,1,0,287
872984525,1,0,45
872984525,1,0,0
2163118960,1,0,0
2163118960,1,0,166
872984525,1,0,0
2163118960,1,0,13
872984525,1,0,0
872984525,1,0,42
2163118960,1,0,0
2163118960,1,0,39
872984525,1,0,0
2163118960,1,0,25
872984525,1,0,0
872984525,1,0,19
2163118960,1,0,751
872984525,1,0,0
2163118960,1,0,0
2163118960,1,0,292
872984525,1,0,0
2163118960,1,0,10
872984525,1,0,0
872984525,1,0,19
2163118960,1,0,0
2163118960,1,0,188
872984525,1,0,0
872984525,1,0,21
2163118960,1,0,0
2163118960,1,0,274
872984525,1,0,0
2163118960,1,0,132
872984525,1,0,0
296193032,1,0,0
296193032,1,0,0
296193032,1,0,0
296193032,1,0,0
296193032,1,0,0
296193032,1,0,0
296193032,1,0,0
296193032,1,0,0
296193032,1,0,0
2163118960,1,0,0
2163118960,1,0,0
296193032,1,0,0
296193032,1,0,0
2163118960,1,0,0
2163118960,1,0,0
296193032,1,0,0
296193032,1,0,0
296193032,1,0,183
296193032,1,0,183
296193032,1,0,183
296193032,1,0,183
2163118960,1,0,0
296193032,1,0,0
296193032,1,0,183
2163118960,1,0,0
296193032,1,0,0
296193032,1,0,183
2163118960,1,0,0
2163118960,1,0,0
2163118960,1,0,0
296193032,1,0,0
296193032,1,0,0
296193032,1,0,0
296193032,1,0,183
296193032,1,0,183
296193032,1,0,183
2163118960,1,0,1360
2163118960,1,0,1288
296193032,1,0,0
296193032,1,0,0
2163118960,1,0,1360
296193032,1,0,0
2163118960,1,0,1288
296193032,1,0,0
2163118960,1,0,1360
296193032,1,0,0
2163118960,1,0,1288
296193032,1,0,0
2163118960,1,0,1360
296193032,1,0,0
2163118960,1,0,1288
296193032,1,0,0
2163118960,1,0,1360
296193032,1,0,0
2163118960,1,0,1288
296193032,1,0,0
296193032,1,0,267
296193032,1,0,267
296193032,1,0,267
296193032,1,0,267
296193032,1,0,267
2163118960,1,0,1360
296193032,1,0,0
2163118960,1,0,1288
296193032,1,0,0
2163118960,1,0,1360
296193032,1,0,0
2163118960,1,0,1288
296193032,1,0,0
2163118960,1,0,1360
296193032,1,0,0
2163118960,1,0,1288
296193032,1,0,0
2163118960,1,0,1360
296193032,1,0,0
2163118960,1,0,1288
296193032,1,0,0
296193032,1,0,267
296193032,1,0,267
296193032,1,0,267
296193032,1,0,267
2163118960,1,0,0
2163118960,1,0,0
2163118960,1,0,0
2163118960,1,0,0
296193032,1,0,51
296193032,1,0,51
296193032,1,0,51
296193032,1,0,51
2163118960,1,0,0
296193032,1,0,51
2163118960,1,0,0
296193032,1,0,51
2163118960,1,0,0
296193032,1,0,51
2163118960,1,0,0
296193032,1,0,51
2163118960,1,0,0
296193032,1,0,51
2163118960,1,0,0
2163118960,1,0,0
2163118960,1,0,0
2163118960,1,0,0
2163118960,1,0,0
2163118960,1,0,51
2163118960,1,0,51
2163118960,1,0,51
2163118960,1,0,51
2163118960,1,0,51
296193032,1,0,0
296193032,1,0,0
296193032,1,0,0
296193032,1,0,0
296193032,1,0,0
296193032,1,0,313
296193032,1,0,315
296193032,1,0,314
296193032,1,0,312
296193032,1,0,311
2163118960,1,0,0
2163118960,1,0,0
2163118960,1,0,0
2163118960,1,0,0
2163118960,1,0,51
296193032,1,0,0
296193032,1,0,314
2163118960,1,0,51
296193032,1,0,0
296193032,1,0,311
2163118960,1,0,51
2163118960,1,0,51
296193032,1,0,0
296193032,1,0,0
296193032,1,0,322
296193032,1,0,315
2163118946,1,0,0
2163118960,1,0,0
2163118960,1,0,0
2163118960,1,0,0
2163118960,1,0,0
2163118960,1,0,0
2163118960,1,0,0
2163118960,1,0,30
2163118960,1,0,165
2163118960,1,0,31
296193032,1,0,0
296193032,1,0,0
296193032,1,0,0
296193032,1,0,31
296193032,1,0,0
2163118960,1,0,30
2163118960,1,0,167
2163118960,1,0,30
2163118960,1,0,31
296193032,1,0,0
296193032,1,0,0
296193032,1,0,0
296193032,1,0,0
2163118960,1,0,166
2163118960,1,0,31
2163118960,1,0,30
296193032,1,0,0
296193032,1,0,0
296193032,1,0,0
296193032,1,0,31
2163118960,1,0,163
296193032,1,0,0
296193032,1,0,0
2163118960,1,0,31
2163118960,1,0,30
2163118960,1,0,164
2163118960,1,0,31
296193032,1,0,31
296193032,1,0,0
296193032,1,0,0
296193032,1,0,0
296193032,1,0,0
296193032,1,0,0
296193032,1,0,31
296193032,1,0,0
296193032,1,0,31
296193032,1,0,0
2163118960,1,0,0
2163118960,1,0,0
2163118960,1,0,30
2163118960,1,0,166
296193032,1,0,0
296193032,1,0,0
2163118960,1,0,31
2163118960,1,0,0
296193032,1,0,0
296193032,1,0,31
2163118960,1,0,0
296193032,1,0,0
2163118960,1,0,30
2163118960,1,0,30
296193032,1,0,0
296193032,1,0,0
2163118960,1,0,162
2163118960,1,0,31
296193032,1,0,0
296193032,1,0,0
296193032,1,0,31
296193032,1,0,0
2163118960,1,0,0
2163118960,1,0,0
2163118960,1,0,30
2163118960,1,0,174
2163118960,1,0,30
2163118960,1,0,167
2163118960,1,0,31
2163118960,1,0,31
2163118960,1,0,0
2163118960,1,0,0
2163118960,1,0,0
296193032,1,0,0
296193032,1,0,0
296193032,1,0,0
2163118960,1,0,0
296193032,1,0,0
296193032,1,0,0
296193032,1,0,0
2163118960,1,0,0
2163118960,1,0,0
296193032,1,0,31
296193032,1,0,0
2163118960,1,0,0
2163118960,1,0,0
296193032,1,0,31
296193032,1,0,0
2163118960,1,0,0
2163118960,1,0,0
2163118960,1,0,0
2163118960,1,0,0
2163118960,1,0,0
2163118960,1,0,0
2163118960,1,0,0
2163118960,1,0,0
296193032,1,0,0
2163118960,1,0,0
296193032,1,0,0
296193032,1,0,183
872984525,1,0,21
2163118960,1,0,1360
296193032,1,0,0
2163118960,1,0,1288
296193032,1,0,0
296193032,1,0,267
2163118960,1,0,0
296193032,1,0,51
2163118960,1,0,0
2163118960,1,0,51
296193032,1,0,0
296193032,1,0,314
2163118960,1,0,0
2163118960,1,0,30
2163118960,1,0,30
296193032,1,0,0
296193032,1,0,0
2163118960,1,0,165
2163118960,1,0,31
296193032,1,0,0
296193032,1,0,0
296193032,1,0,31
296193032,1,0,0
2163118960,1,0,0
2163118960,1,0,0
2163118960,1,0,0
2163118960,1,0,233
872984525,1,0,0
872984525,1,0,21
2163118960,1,0,0
2163118960,1,0,191
872984525,1,0,0
2163118960,1,0,112
872984525,1,0,0
872984525,1,0,21
2163118960,1,0,0
2163118960,1,0,187
872984525,1,0,0
2163118960,1,0,74
872984525,1,0,0
877215892,1,0,288
583744014,1,0,288
2163118960,1,0,325
877215892,1,0,0
2163118960,1,0,325
583744014,1,0,0
2163118960,1,0,133
872984525,1,0,0
2163118960,1,0,81
872984525,1,0,0
872984525,1,0,21
2163118960,1,0,0
2163118960,1,0,145
872984525,1,0,0
2163118960,1,0,30
872984525,1,0,0
872984525,1,0,21
2163118960,1,0,19
872984525,1,0,0
872984525,1,0,144
2163118960,1,0,0
872984525,1,0,6
2163118960,1,0,0
2163118960,1,0,1288
2163118960,1,0,688
872984525,1,0,0
2163118960,1,0,246
872984525,1,0,0
872984525,1,0,21
2163118960,1,0,56
872984525,1,0,0
2163118960,1,0,0
2163118960,1,0,331
872984525,1,0,0
2163118960,1,0,1288
2163118960,1,0,595
872984525,1,0,0
2163118960,1,0,21
872984525,1,0,0
2163118960,1,0,71
872984525,1,0,0
2163118960,1,0,23
872984525,1,0,19
872984525,1,0,0
2163118960,1,0,162
2163118960,1,0,0
872984525,1,0,0
2163118960,1,0,293
872984525,1,0,0
872984525,1,0,21
2163118960,1,0,14
872984525,1,0,0
2163118960,1,0,0
2163118960,1,0,386
872984525,1,0,0
2163118960,1,0,56
872984525,1,0,0
2163118960,1,0,12
872984525,1,0,0
2163118960,1,0,98
872984525,1,0,0
2163118960,1,0,1288
2163118960,1,0,1288
872984525,1,0,0
872984525,1,0,0
2163118960,1,0,1288
872984525,1,0,0
2163118960,1,0,766
872984525,1,0,0
2163118960,1,0,103
872984525,1,0,0
2163118960,1,0,18
872984525,1,0,0
2163118960,1,0,17
872984525,1,0,0
2163118960,1,0,242
872984525,1,0,0
2163118960,1,0,17
872984525,1,0,0
2163118960,1,0,32
872984525,1,0,0
2163118960,1,0,14
872984525,1,0,0
2163118960,1,0,288
872984525,1,0,0
2163118960,1,0,225
872984525,1,0,0
2163118960,1,0,32
877215892,1,0,0
2163118960,1,0,18
2163118960,1,0,32
583744014,1,0,0
872984525,1,0,0
2163118960,1,0,41
872984525,1,0,0
2163118960,1,0,69
872984525,1,0,0
2163118960,1,0,519
872984525,1,0,0
2163118960,1,0,1288
2163118960,1,0,1288
2163118960,1,0,33
872984525,1,0,0
872984525,1,0,0
872984525,1,0,0
2163118960,1,0,92
872984525,1,0,0
2163118960,1,0,44
872984525,1,0,0
2163118960,1,0,403
872984525,1,0,0
2163118960,1,0,50
872984525,1,0,0
2163118960,1,0,13
872984525,1,0,0
2163118960,1,0,916
872984525,1,0,0
872984525,1,0,26
2163118960,1,0,0
872984525,1,0,73
2163118960,1,0,233
872984525,1,0,0
2163118960,1,0,0
2163118960,1,0,220
872984525,1,0,0
2163118960,1,0,13
872984525,1,0,0
872984525,1,0,42
2163118960,1,0,0
2163118960,1,0,39
872984525,1,0,0
872984525,1,0,10
2163118960,1,0,83
872984525,1,0,0
2163118960,1,0,0
2163118960,1,0,12
872984525,1,0,0
872984525,1,0,29
2163118960,1,0,0
2163118960,1,0,439
872984525,1,0,0
2163118960,1,0,633
872984525,1,0,0
872984525,1,0,19
2163118960,1,0,0
2163118960,1,0,185
872984525,1,0,0
877215892,1,0,187
583744014,1,0,187
2163118960,1,0,0
2163118960,1,0,0
872984525,1,0,19
2163118960,1,0,0
2163118960,1,0,209
872984525,1,0,0
2163118960,1,0,133
872984525,1,0,0
872984525,1,0,21
2163118960,1,0,0
872984525,1,0,10
2163118960,1,0,368
872984525,1,0,0
2163118960,1,0,0
2163118960,1,0,19
872984525,1,0,0
919707705,1,0,0
2163118960,1,0,0
919707705,1,0,0
919707705,1,0,765
2163118960,1,0,0
2163118960,1,0,142
919707705,1,0,0
919707705,1,0,0
2163118960,1,0,0
919707705,1,0,0
872984525,1,0,22
2163118960,1,0,0
2163118960,1,0,137
872984525,1,0,0
2163118960,1,0,168
872984525,1,0,0
2163118960,1,0,127
872984525,1,0,0
872984525,1,0,22
2163118960,1,0,0
2163118960,1,0,133
872984525,1,0,0
872984525,1,0,22
2163118960,1,0,0
2163118960,1,0,176
872984525,1,0,0
2163118960,1,0,77
872984525,1,0,0
872984525,1,0,20
2163118960,1,0,0
2163118960,1,0,163
872984525,1,0,0
2163118960,1,0,167
872984525,1,0,0
872984525,1,0,22
2163118960,1,0,0
2163118960,1,0,141
872984525,1,0,0
2163118960,1,0,165
872984525,1,0,0
2163118960,1,0,93
872984525,1,0,0
872984525,1,0,6
2163118960,1,0,0
2163118960,1,0,13
872984525,1,0,0
872984525,1,0,42
2163118960,1,0,0
2163118960,1,0,80
872984525,1,0,22
872984525,1,0,0
2163118960,1,0,175
872984525,1,0,0
872984525,1,0,22
2163118960,1,0,0
2163118960,1,0,18
872984525,1,0,0
2163118960,1,0,25
872984525,1,0,20
872984525,1,0,0
2163118960,1,0,194
2163118960,1,0,0
872984525,1,0,0
2163118960,1,0,19
872984525,1,0,0
872984525,1,0,6
2163118960,1,0,0
2163118960,1,0,1288
2163118960,1,0,33
872984525,1,0,0
2163118960,1,0,245
872984525,1,0,0
2163118960,1,0,1288
2163118960,1,0,535
872984525,1,0,0
2163118960,1,0,193
872984525,1,0,0
2163118960,1,0,72
872984525,1,0,0
2163118960,1,0,301
872984525,1,0,18
872984525,1,0,0
2163118960,1,0,259
872984525,1,0,0
2163118960,1,0,13
872984525,1,0,0
872984525,1,0,14
2163118960,1,0,83
872984525,1,0,0
2163118960,1,0,0
2163118960,1,0,370
872984525,1,0,0
2163118960,1,0,67
872984525,1,0,0
2163118960,1,0,13
872984525,1,0,0
2163118960,1,0,56
872984525,1,0,0
2163118960,1,0,36
872984525,1,0,0
2163118960,1,0,11
872984525,1,0,0
2163118960,1,0,13
872984525,1,0,14
872984525,1,0,0
2163118960,1,0,0
2163118960,1,0,40
872984525,1,0,0
2163118960,1,0,298
872984525,1,0,0
2163118960,1,0,11
872984525,1,0,0
2163118960,1,0,11
872984525,1,0,0
2163118960,1,0,10
872984525,1,0,0
2163118960,1,0,40
872984525,1,0,0
2163118960,1,0,11
872984525,1,0,0
2163118960,1,0,13
872984525,1,0,0
877215892,1,0,288
583744014,1,0,288
2163118960,1,0,0
2163118960,1,0,325
877215892,1,0,0
2163118960,1,0,0
2163118960,1,0,325
583744014,1,0,0
2163118960,1,0,75
872984525,1,0,0
2163118960,1,0,13
872984525,1,0,0
2163118960,1,0,77
872984525,1,0,0
2163118960,1,0,13
872984525,1,0,0
2163118960,1,0,89
872984525,1,0,0
2163118960,1,0,12
872984525,1,0,0
2163118960,1,0,12
872984525,1,0,0
2163118960,1,0,77
872984525,1,0,0
2163118960,1,0,41
872984525,1,0,0
2163118960,1,0,24
872984525,1,0,0
2163118960,1,0,10
872984525,1,0,0
2163118960,1,0,10
872984525,1,0,0
872984525,1,0,18
2163118960,1,0,11
872984525,1,0,0
2163118960,1,0,0
2163118960,1,0,18
872984525,1,0,0
2163118960,1,0,516
872984525,1,0,0
2163118960,1,0,13
872984525,1,0,0
872984525,1,0,17
2163118960,1,0,0
872984525,1,0,17
2163118960,1,0,40
872984525,1,0,0
2163118960,1,0,0
2163118960,1,0,22
872984525,1,0,161
872984525,1,0,0
2163118960,1,0,23
872984525,1,0,34
2163118960,1,0,24
872984525,1,0,17
2163118960,1,0,32
872984525,1,0,17
2163118960,1,0,46
872984525,1,0,0
2163118960,1,0,24
872984525,1,0,0
2163118960,1,0,18
872984525,1,0,0
2163118960,1,0,62
872984525,1,0,0
2163118960,1,0,13
872984525,1,0,0
2163118960,1,0,109
872984525,1,0,0
2163118960,1,0,59
872984525,1,0,0
2163118960,1,0,13
872984525,1,0,0
2163118960,1,0,14
872984525,1,0,0
2163118960,1,0,61
872984525,1,0,0
2163118960,1,0,11
872984525,1,0,0
2163118960,1,0,11
872984525,1,0,0
2163118960,1,0,186
872984525,1,0,0
2163118946,1,0,0
2163118960,1,0,0
2163118960,1,0,13
872984525,1,0,0
2163118960,1,0,42
872984525,1,0,0
2163118960,1,0,13
872984525,1,0,0
2163118960,1,0,17
872984525,1,0,0
2163118960,1,0,11
872984525,1,0,0
2163118960,1,0,15
872984525,1,0,0
2163118960,1,0,9
872984525,1,0,0
2163118960,1,0,60
872984525,1,0,0
2163118960,1,0,20
872984525,1,0,0
2163118960,1,0,32
877215892,1,0,0
2163118960,1,0,32
583744014,1,0,0
2163118960,1,0,1288
2163118960,1,0,238
872984525,1,0,0
2163118960,1,0,133
872984525,1,0,0
2163118960,1,0,149
872984525,1,0,0
2163118960,1,0,14
872984525,1,0,0
2163118960,1,0,23
872984525,1,0,0
2163118960,1,0,26
872984525,1,0,0
2163118960,1,0,24
872984525,1,0,0
2163118960,1,0,110
872984525,1,0,0
2163118960,1,0,336
872984525,1,0,0
2163118960,1,0,586
872984525,1,0,0
2163118960,1,0,292
872984525,1,0,0
2163118960,1,0,641
872984525,1,0,0
2163118960,1,0,62
872984525,1,0,0
2163118960,1,0,237
872984525,1,0,0
2163118960,1,0,203
872984525,1,0,0
2163118960,1,0,39
872984525,1,0,0
2163118960,1,0,14
872984525,1,0,0
2163118960,1,0,606
872984525,1,0,0
2163118960,1,0,72
872984525,1,0,0
2163118960,1,0,14
872984525,1,0,0
2163118960,1,0,16
872984525,1,0,0
2163118960,1,0,776
872984525,1,0,0
2163118960,1,0,85
872984525,1,0,0
872984525,1,0,41
2163118960,1,0,88
872984525,1,0,58
2163118960,1,0,0
2163118960,1,0,236
872984525,1,0,0
2163118960,1,0,222
872984525,1,0,0
2163118960,1,0,13
872984525,1,0,0
872984525,1,0,42
2163118960,1,0,39
872984525,1,0,0
2163118960,1,0,904
872984525,1,0,0
2163118960,1,0,34
872984525,1,0,0
872984525,1,0,10
2163118960,1,0,0
2163118960,1,0,19
872984525,1,0,0
2163118960,1,0,105
872984525,1,0,0
2163118960,1,0,56
872984525,1,0,0
2163118960,1,0,52
872984525,1,0,0
2163118960,1,0,66
872984525,1,0,0
2163118960,1,0,42
872984525,1,0,0
2163118960,1,0,40
872984525,1,0,0
872984525,1,0,6
2163118960,1,0,0
2163118960,1,0,90
872984525,1,0,0
2163118960,1,0,13
872984525,1,0,0
872984525,1,0,42
2163118960,1,0,0
2163118960,1,0,80
872984525,1,0,0
2163118960,1,0,58
872984525,1,0,0
2163118960,1,0,47
872984525,1,0,0
2163118960,1,0,287
872984525,1,0,0
2163118960,1,0,64
872984525,1,0,0
877215892,1,0,187
583744014,1,0,187
877215892,1,0,288
583744014,1,0,288
2163118960,1,0,0
2163118960,1,0,325
877215892,1,0,0
2163118960,1,0,0
2163118960,1,0,325
583744014,1,0,0
599434679,1,0,0
2163118960,1,0,0
599434679,1,0,0
599434679,1,0,517
2163118960,1,0,1368
2163118960,1,0,1368
599434679,1,0,0
2163118960,1,0,1368
2163118960,1,0,1368
2163118960,1,0,477
599434679,1,0,0
599434679,1,0,0
599434679,1,0,0
599434679,1,0,75
599434679,1,0,6
599434679,1,0,45
2163118960,1,0,0
2163118960,1,0,51
599434679,1,0,0
599434679,1,0,530
599434679,1,0,364
2163118960,1,0,0
2163118960,1,0,0
2163118960,1,0,1036
599434679,1,0,0
2163118960,1,0,174
872984525,1,0,0
872984525,1,0,6
2163118960,1,0,0
2163118960,1,0,1288
2163118960,1,0,1288
2163118960,1,0,127
872984525,1,0,0
872984525,1,0,0
872984525,1,0,0
2163118960,1,0,267
872984525,1,0,0
2163118960,1,0,21
872984525,1,0,142
872984525,1,0,0
2163118960,1,0,18
872984525,1,0,0
2163118960,1,0,17
872984525,1,0,0
2163118960,1,0,13
872984525,1,0,0
2163118960,1,0,19
872984525,1,0,0
2163118960,1,0,16
872984525,1,0,0
2163118960,1,0,85
872984525,1,0,0
2163118960,1,0,19
872984525,1,0,0
2163118960,1,0,18
872984525,1,0,0
2163118960,1,0,21
872984525,1,0,0
2163118960,1,0,11
872984525,1,0,0
2163118960,1,0,14
872984525,1,0,0
2163118960,1,0,62
872984525,1,0,0
2163118960,1,0,202
872984525,1,0,0
2163118960,1,0,17
872984525,1,0,0
2163118960,1,0,14
872984525,1,0,0
872984525,1,0,5
2163118960,1,0,13
872984525,1,0,0
2163118960,1,0,0
2163118960,1,0,339
872984525,1,0,0
2163118960,1,0,35
872984525,1,0,0
2163118960,1,0,85
872984525,1,0,0
2163118960,1,0,61
872984525,1,0,0
2163118960,1,0,95
872984525,1,0,0
2163118960,1,0,15
872984525,1,0,0
2163118960,1,0,56
872984525,1,0,0
2163118960,1,0,26
872984525,1,0,0
2163118960,1,0,86
872984525,1,0,0
2163118960,1,0,13
872984525,1,0,0
2163118960,1,0,30
2163118960,1,0,32
877215892,1,0,0
872984525,1,0,0
2163118960,1,0,32
583744014,1,0,0
2163118960,1,0,13
872984525,1,0,0
2163118960,1,0,38
872984525,1,0,0
2163118960,1,0,30
872984525,1,0,0
2163118960,1,0,22
872984525,1,0,0
2163118960,1,0,45
872984525,1,0,0
2163118960,1,0,13
872984525,1,0,0
2163118960,1,0,26
872984525,1,0,0
2163118960,1,0,16
872984525,1,0,0
2163118960,1,0,82
872984525,1,0,0
2163118960,1,0,11
872984525,1,0,0
2163118960,1,0,73
872984525,1,0,0
2163118960,1,0,11
872984525,1,0,0
2163118960,1,0,13
872984525,1,0,0
2163118960,1,0,11
872984525,1,0,0
2163118960,1,0,139
872984525,1,0,0
2163118960,1,0,18
872984525,1,0,0
2163118960,1,0,26
872984525,1,0,0
2163118960,1,0,29
872984525,1,0,0
2163118960,1,0,14
872984525,1,0,0
2163118960,1,0,64
872984525,1,0,0
2163118960,1,0,11
872984525,1,0,0
2163118960,1,0,14
872984525,1,0,0
2163118960,1,0,15
872984525,1,0,0
2163118960,1,0,16
872984525,1,0,0
2163118960,1,0,12
872984525,1,0,0
2163118960,1,0,28
872984525,1,0,0
2163118960,1,0,124
872984525,1,0,0
2163118960,1,0,11
872984525,1,0,0
2163118960,1,0,17
872984525,1,0,0
2163118960,1,0,232
872984525,1,0,0
872984525,1,0,10
2163118960,1,0,0
2163118960,1,0,22
872984525,1,0,0
599434679,1,0,0
2163118960,1,0,31
2163118960,1,0,0
599434679,1,0,0
599434679,1,0,0
2163118960,1,0,84
872984525,1,0,0
2163118960,1,0,60
872984525,1,0,0
2163118960,1,0,122
872984525,1,0,0
2163118960,1,0,19
872984525,1,0,0
2163118960,1,0,31
872984525,1,0,0
2163118960,1,0,57
872984525,1,0,0
2163118960,1,0,13
872984525,1,0,0
2163118946,1,0,0
2163118960,1,0,0
2163118960,1,0,13
872984525,1,0,0
2163118960,1,0,13
872984525,1,0,0
2163118960,1,0,95
872984525,1,0,0
2163118960,1,0,24
872984525,1,0,0
2163118960,1,0,13
872984525,1,0,0
2163118960,1,0,13
872984525,1,0,0
2163118960,1,0,14
872984525,1,0,0
2163118960,1,0,40
872984525,1,0,0
2163118960,1,0,14
872984525,1,0,0
2163118960,1,0,40
872984525,1,0,0
2163118960,1,0,13
872984525,1,0,0
2163118960,1,0,111
872984525,1,0,0
2163118960,1,0,168
872984525,1,0,0
2163118960,1,0,114
872984525,1,0,0
2163118960,1,0,44
872984525,1,0,0
2163118960,1,0,30
872984525,1,0,0
2163118960,1,0,26
872984525,1,0,0
2163118960,1,0,13
872984525,1,0,0
2163118960,1,0,13
872984525,1,0,0
2163118960,1,0,38
872984525,1,0,0
2163118960,1,0,72
872984525,1,0,0
2163118960,1,0,33
872984525,1,0,0
2163118960,1,0,26
872984525,1,0,0
2163118960,1,0,120
872984525,1,0,0
2163118960,1,0,31
872984525,1,0,0
2163118960,1,0,13
872984525,1,0,0
2163118960,1,0,1087
872984525,1,0,0
2163118960,1,0,760
872984525,1,0,0
2163118960,1,0,29
872984525,1,0,0
2163118960,1,0,26
872984525,1,0,0
2163118960,1,0,188
872984525,1,0,0
2163118960,1,0,56
872984525,1,0,0
2163118960,1,0,13
872984525,1,0,0
2163118960,1,0,13
872984525,1,0,0
2163118960,1,0,47
872984525,1,0,0
2163118960,1,0,32
872984525,1,0,0
2163118960,1,0,49
872984525,1,0,0
2163118960,1,0,10
872984525,1,0,0
2163118960,1,0,159
872984525,1,0,0
2163118960,1,0,57
872984525,1,0,0
2163118960,1,0,43
872984525,1,0,0
2163118960,1,0,237
872984525,1,0,0
2163118960,1,0,47
872984525,1,0,0
2163118960,1,0,258
872984525,1,0,0
2163118960,1,0,41
872984525,1,0,0
2163118960,1,0,13
872984525,1,0,0
2163118960,1,0,26
872984525,1,0,0
2163118960,1,0,13
872984525,1,0,0
2163118960,1,0,13
872984525,1,0,0
2163118960,1,0,26
872984525,1,0,0
2163118960,1,0,47
872984525,1,0,0
2163118960,1,0,27
872984525,1,0,0
2163118960,1,0,13
872984525,1,0,0
2163118960,1,0,13
872984525,1,0,0
2163118960,1,0,13
872984525,1,0,0
2163118960,1,0,150
872984525,1,0,0
2163118960,1,0,175
872984525,1,0,0
2163118960,1,0,56
872984525,1,0,0
2163118960,1,0,13
872984525,1,0,0
2163118960,1,0,13
872984525,1,0,0
2163118960,1,0,177
872984525,1,0,0
2163118960,1,0,108
872984525,1,0,0
2163118960,1,0,22
872984525,1,0,0
2163118960,1,0,13
872984525,1,0,0
2163118960,1,0,24
872984525,1,0,0
2163118960,1,0,13
872984525,1,0,0
2163118960,1,0,10
872984525,1,0,0
2163118960,1,0,14
872984525,1,0,0
2163118960,1,0,30
872984525,1,0,0
2163118960,1,0,28
872984525,1,0,0
2163118960,1,0,13
872984525,1,0,0
877215892,1,0,288
583744014,1,0,288
2163118960,1,0,325
877215892,1,0,0
2163118960,1,0,325
583744014,1,0,0
2163118960,1,0,13
872984525,1,0,0
2163118960,1,0,13
872984525,1,0,0
2163118960,1,0,1288
2163118960,1,0,558
872984525,1,0,0
2163118960,1,0,20
872984525,1,0,0
2163118960,1,0,12
872984525,1,0,0
2163118960,1,0,143
872984525,1,0,0
2163118960,1,0,41
872984525,1,0,144
872984525,1,0,0
2163118960,1,0,0
2163118960,1,0,75
872984525,1,0,0
2163118960,1,0,53
872984525,1,0,0
872984525,1,0,5
2163118960,1,0,0
872984525,1,0,10
2163118960,1,0,0
2163118960,1,0,18
872984525,1,0,0
872984525,1,0,29
2163118960,1,0,13
872984525,1,0,0
2163118960,1,0,0
2163118960,1,0,452
872984525,1,0,0
2163118960,1,0,44
872984525,1,0,0
2163118960,1,0,128
872984525,1,0,0
872984525,1,0,21
2163118960,1,0,0
2163118960,1,0,365
872984525,1,0,0
2163118960,1,0,9
872984525,1,0,0
2163118960,1,0,9
872984525,1,0,0
2163118960,1,0,171
872984525,1,0,0
2163118960,1,0,9
872984525,1,0,0
872984525,1,0,19
2163118960,1,0,164
872984525,1,0,0
2163118960,1,0,0
2163118960,1,0,36
872984525,1,0,0
2163118960,1,0,32
877215892,1,0,0
2163118960,1,0,32
583744014,1,0,0
872984525,1,0,19
2163118960,1,0,0
2163118960,1,0,194
872984525,1,0,0
2163118960,1,0,9
872984525,1,0,0
872984525,1,0,19
2163118960,1,0,0
2163118960,1,0,174
872984525,1,0,0
2163118960,1,0,37
872984525,1,0,0
2163118960,1,0,15
872984525,1,0,0
872984525,1,0,19
2163118960,1,0,0
2163118960,1,0,99
872984525,1,0,0
2163118960,1,0,16
872984525,1,0,0
2163118960,1,0,38
872984525,1,0,0
2163118960,1,0,282
2163118960,1,0,1288
2163118960,1,0,1288
872984525,1,0,0
872984525,1,0,0
872984525,1,0,0
872984525,1,0,20
2163118960,1,0,1288
2163118960,1,0,328
872984525,1,0,10
2163118960,1,0,0
2163118960,1,0,0
872984525,1,0,19
2163118960,1,0,0
2163118960,1,0,199
872984525,1,0,0
2163118960,1,0,13
872984525,1,0,0
2163118960,1,0,99
872984525,1,0,0
872984525,1,0,19
2163118960,1,0,0
2163118960,1,0,119
872984525,1,0,10
872984525,1,0,0
2163118960,1,0,0
2163118960,1,0,1151
872984525,1,0,0
872984525,1,0,10
2163118960,1,0,0
2163118960,1,0,151
872984525,1,0,0
872984525,1,0,4
2163118960,1,0,129
872984525,1,0,0
2163118960,1,0,1288
2163118960,1,0,871
872984525,1,0,0
872984525,1,0,10
2163118960,1,0,81
872984525,1,0,0
2163118960,1,0,0
2163118960,1,0,61
872984525,1,0,0
2163118960,1,0,18
872984525,1,0,0
2163118960,1,0,117
872984525,1,0,0
872984525,1,0,5
2163118960,1,0,0
2163118960,1,0,703
872984525,1,0,0
872984525,1,0,11
2163118960,1,0,0
872984525,1,0,13
2163118960,1,0,0
2163118960,1,0,177
872984525,1,0,0
872984525,1,0,11
2163118960,1,0,102
872984525,1,0,13
2163118960,1,0,0
2163118960,1,0,0
872984525,1,0,22
2163118960,1,0,0
2163118960,1,0,162
872984525,1,0,0
872984525,1,0,10
2163118960,1,0,799
872984525,1,0,0
872984525,1,0,11
2163118960,1,0,0
872984525,1,0,13
2163118960,1,0,120
872984525,1,0,0
2163118960,1,0,0
2163118960,1,0,169
872984525,1,0,0
872984525,1,0,22
2163118960,1,0,0
2163118960,1,0,27
872984525,1,0,0
872984525,1,0,54
301818317,1,0,0
2163118960,1,0,0
301818317,1,0,0
301818317,1,0,517
301500174,1,0,0
2163118960,1,0,0
2163118960,1,0,1368
2163118960,1,0,1368
2163118960,1,0,173
2163118960,1,0,0
301818317,1,0,0
301500174,1,0,0
301818317,1,0,0
301500174,1,0,517
2163118960,1,0,0
2163118960,1,0,1368
2163118960,1,0,1368
2163118960,1,0,1368
2163118960,1,0,1368
2163118960,1,0,1040
301500174,1,0,0
301500174,1,0,0
301500174,1,0,0
301818317,1,0,126
301500174,1,0,0
2163118960,1,0,51
301818317,1,0,0
301500174,1,0,118
301818317,1,0,382
2163118960,1,0,1127
2163118960,1,0,1368
2163118960,1,0,1368
2163118960,1,0,1368
2163118960,1,0,1368
2163118960,1,0,43
2163118960,1,0,61
2163118960,1,0,1368
2163118960,1,0,1368
2163118960,1,0,1368
301818317,1,0,0
2163118960,1,0,1368
2163118960,1,0,1368
301500174,1,0,0
301500174,1,0,0
301818317,1,0,0
301818317,1,0,0
301818317,1,0,0
301500174,1,0,45
301500174,1,0,42
301500174,1,0,34
301500174,1,0,1368
301500174,1,0,445
301818317,1,0,0
301818317,1,0,0
301500174,1,0,30
2163118960,1,0,1368
2163118960,1,0,1368
2163118960,1,0,56
2163118960,1,0,0
2163118960,1,0,30
301818317,1,0,0
301818317,1,0,0
2163118960,1,0,0
2163118960,1,0,0
301818317,1,0,0
301818317,1,0,0
301818317,1,0,0
301500174,1,0,0
2163118960,1,0,1368
2163118960,1,0,1368
2163118960,1,0,1368
2163118960,1,0,1368
2163118960,1,0,1368
2163118960,1,0,1368
2163118960,1,0,1368
2163118960,1,0,1368
2163118960,1,0,1368
2163118960,1,0,1368
2163118960,1,0,1368
2163118960,1,0,1368
2163118960,1,0,1368
2163118960,1,0,1368
2163118960,1,0,1368
301500174,1,0,0
301500174,1,0,0
2163118960,1,0,1368
2163118960,1,0,1368
2163118960,1,0,1368
301500174,1,0,0
301500174,1,0,0
2163118960,1,0,1368
301500174,1,0,0
301500174,1,0,0
301500174,1,0,0
2163118960,1,0,1368
2163118960,1,0,1368
2163118960,1,0,1368
2163118960,1,0,1368
2163118960,1,0,1368
301500174,1,0,0
301500174,1,0,0
301500174,1,0,0
301500174,1,0,0
2163118960,1,0,1368
2163118960,1,0,1368
2163118960,1,0,1368
2163118960,1,0,1368
2163118960,1,0,1368
2163118960,1,0,1368
2163118960,1,0,1368
301500174,1,0,0
301500174,1,0,0
2163118960,1,0,1368
2163118960,1,0,1368
2163118960,1,0,1368
2163118960,1,0,1368
2163118960,1,0,1368
2163118960,1,0,1368
2163118960,1,0,1368
2163118960,1,0,1368
301500174,1,0,0
301500174,1,0,0
301500174,1,0,0
2163118960,1,0,1368
2163118960,1,0,1368
2163118960,1,0,1368
2163118960,1,0,1368
2163118960,1,0,1368
2163118960,1,0,1368
2163118960,1,0,1368
2163118960,1,0,1368
2163118960,1,0,1368
2163118960,1,0,524
301500174,1,0,0
301500174,1,0,0
301500174,1,0,0
301500174,1,0,0
301500174,1,0,0
301500174,1,0,0
301500174,1,0,0
301500174,1,0,0
301500174,1,0,0
301500174,1,0,0
301500174,1,0,0
301500174,1,0,0
301500174,1,0,0
301500174,1,0,0
301500174,1,0,34
301500174,1,0,0
301500174,1,0,0
301500174,1,0,0
301500174,1,0,0
301500174,1,0,0
301500174,1,0,0
2163118960,1,0,1368
2163118960,1,0,1368
2163118960,1,0,1368
2163118960,1,0,1368
2163118960,1,0,1368
2163118960,1,0,1368
2163118960,1,0,1368
2163118960,1,0,1368
2163118960,1,0,44
301500174,1,0,0
301500174,1,0,0
301500174,1,0,0
301500174,1,0,0
301500174,1,0,0
301500174,1,0,0
2163118960,1,0,0
2163118960,1,0,1181
2163118960,1,0,1288
2163118960,1,0,1288
872984525,1,0,0
872984525,1,0,0
872984525,1,0,0
872984525,1,0,0
301818317,1,0,0
2163118960,1,0,0
301818317,1,0,0
301818317,1,0,517
2163118960,1,0,0
2163118960,1,0,1368
2163118960,1,0,1368
2163118960,1,0,172
301818317,1,0,0
301818317,1,0,0
301818317,1,0,126
2163118960,1,0,51
301818317,1,0,0
301818317,1,0,396
2163118960,1,0,1085
2163118960,1,0,1368
2163118960,1,0,1368
2163118960,1,0,1368
2163118960,1,0,1368
2163118960,1,0,1368
2163118960,1,0,1116
301818317,1,0,0
301818317,1,0,0
2163118960,1,0,0
2163118960,1,0,0
301818317,1,0,0
301818317,1,0,0
301818317,1,0,0
301818317,1,0,0
301818317,1,0,0
301818317,1,0,0
301818317,1,0,0
301818317,1,0,0
301818317,1,0,207
301818317,1,0,207
2163118960,1,0,0
2163118960,1,0,0
2163118960,1,0,1368
2163118960,1,0,1368
2163118960,1,0,1368
2163118960,1,0,1368
2163118960,1,0,158
2163118960,1,0,157
301818317,1,0,0
301818317,1,0,0
301818317,1,0,0
301818317,1,0,0
301818317,1,0,126
2163118960,1,0,51
301818317,1,0,126
301818317,1,0,0
301818317,1,0,396
2163118960,1,0,51
301818317,1,0,0
301818317,1,0,396
2163118960,1,0,1088
2163118960,1,0,1368
2163118960,1,0,1368
2163118960,1,0,1368
2163118960,1,0,1368
2163118960,1,0,1368
2163118960,1,0,1368
2163118960,1,0,1368
2163118960,1,0,1368
2163118960,1,0,1081
2163118960,1,0,1368
2163118960,1,0,1368
301818317,1,0,0
2163118960,1,0,1368
2163118960,1,0,664
2163118960,1,0,1368
301818317,1,0,0
301818317,1,0,0
301818317,1,0,0
301818317,1,0,0
301818317,1,0,0
2163118960,1,0,313
301818317,1,0,0
301818317,1,0,0
301818317,1,0,0
301818317,1,0,0
301818317,1,0,0
301818317,1,0,0
301818317,1,0,0
294027087,1,0,0
2163118960,1,0,0
294027087,1,0,0
294027087,1,0,235
2163118960,1,0,1360
2163118960,1,0,1360
2163118960,1,0,1360
2163118960,1,0,394
294027087,1,0,0
294027087,1,0,0
294027087,1,0,0
294027087,1,0,0
294027087,1,0,0
294027087,1,0,318
2163118960,1,0,0
2163118960,1,0,51
294027087,1,0,0
294027087,1,0,313
294027087,1,0,106
2163118960,1,0,0
2163118960,1,0,0
2163118960,1,0,1360
2163118960,1,0,1360
2163118960,1,0,1360
2163118960,1,0,1360
2163118960,1,0,320
294027087,1,0,0
294027087,1,0,0
294027087,1,0,0
294027087,1,0,0
294027087,1,0,31
294027087,1,0,0
2163118960,1,0,0
2163118960,1,0,0
294027087,1,0,0
2163118960,1,0,114
872984525,1,0,0
2163118960,1,0,57
872984525,1,0,0
872984525,1,0,13
2163118960,1,0,0
2163118960,1,0,15
872984525,1,0,0
2163118960,1,0,82
872984525,1,0,0
872984525,1,0,13
2163118960,1,0,0
2163118960,1,0,12
872984525,1,0,0
2163118960,1,0,12
872984525,1,0,0
2163118960,1,0,122
872984525,1,0,0
2163118960,1,0,52
872984525,1,0,0
872984525,1,0,13
2163118960,1,0,122
872984525,1,0,0
872984525,1,0,13
2163118960,1,0,0
2163118960,1,0,141
872984525,1,0,0
872984525,1,0,13
2163118960,1,0,0
2163118960,1,0,12
872984525,1,0,0
2163118946,1,0,0
2163118960,1,0,0
2163118960,1,0,13
872984525,1,0,0
872984525,1,0,13
2163118960,1,0,0
2163118960,1,0,12
872984525,1,0,0
2163118960,1,0,17
872984525,1,0,0
872984525,1,0,13
2163118960,1,0,0
2163118960,1,0,12
872984525,1,0,0
2163118960,1,0,12
872984525,1,0,0
2163118960,1,0,153
872984525,1,0,0
877215892,1,0,187
297575952,1,0,101
301558863,1,0,101
583744014,1,0,187
2163118960,1,0,53
301558863,1,0,0
2163118960,1,0,53
297575952,1,0,0
877215892,1,0,288
583744014,1,0,288
2163118960,1,0,0
2163118960,1,0,325
877215892,1,0,0
2163118960,1,0,0
2163118960,1,0,325
583744014,1,0,0
2163118960,1,0,15
872984525,1,0,0
2163118960,1,0,168
872984525,1,0,0
2163118960,1,0,9
872984525,1,0,0
2163118960,1,0,101
872984525,1,0,0
872984525,1,0,138
2163118960,1,0,14
872984525,1,0,0
2163118960,1,0,0
2163118960,1,0,243
872984525,1,0,0
2163118960,1,0,973
872984525,1,0,0
2163118960,1,0,123
872984525,1,0,0
301818317,1,0,31
301818317,1,0,31
301818317,1,0,31
301818317,1,0,31
301818317,1,0,0
301818317,1,0,0
301818317,1,0,0
301818317,1,0,0
2163118960,1,0,0
2163118960,1,0,0
2163118960,1,0,0
2163118960,1,0,0
301818317,1,0,0
301818317,1,0,0
301818317,1,0,0
301818317,1,0,0
872984525,1,0,13
2163118960,1,0,88
872984525,1,0,0
2163118960,1,0,0
2163118960,1,0,191
872984525,1,0,0
2163118960,1,0,116
872984525,1,0,0
872984525,1,0,4
2163118960,1,0,0
2163118960,1,0,1288
2163118960,1,0,749
2163118960,1,0,1288
872984525,1,0,0
872984525,1,0,0
872984525,1,0,10
2163118960,1,0,1288
2163118960,1,0,1288
2163118960,1,0,1090
872984525,1,0,0
872984525,1,0,0
872984525,1,0,0
2163118960,1,0,0
872984525,1,0,30
2163118960,1,0,0
2163118960,1,0,32
877215892,1,0,0
2163118960,1,0,32
583744014,1,0,0
2163118960,1,0,13
872984525,1,0,0
872984525,1,0,30
2163118960,1,0,0
2163118960,1,0,1193
872984525,1,0,0
2163118960,1,0,300
872984525,1,0,0
2163118960,1,0,1117
872984525,1,0,0
2163118960,1,0,184
872984525,1,0,0
2163118960,1,0,98
872984525,1,0,0
3758096386,0,1,28
3758096386,0,1,28
2163119054,0,1,259
2163119103,0,1,259
3758096386,0,1,28
3758096386,0,1,28
3758096635,0,1,114
3758096386,0,1,28
3758096386,0,1,28
2163119103,0,1,16
4026531834,0,1,182
2163118985,0,1,152
2163119103,0,1,152
3758096386,0,1,28
3758096386,0,1,28
4026531834,0,1,182
3758096386,0,1,28
3758096386,0,1,28
2163118980,0,1,152
2163119103,0,1,152
3758096386,0,1,28
3758096386,0,1,28
3758096386,0,1,28
3758096386,0,1,28
3758096386,0,1,28
3758096386,0,1,28
3758096635,0,1,93
3758096635,0,1,159
2163119103,0,1,16
3758096386,0,1,28
3758096386,0,1,28
3758096386,0,1,28
3758096386,0,1,28
3758096386,0,1,28
3758096386,0,1,28
4026531834,0,1,182
2163119054,0,1,259
2163119103,0,1,259
3758096386,0,1,28
3758096386,0,1,28
2163119103,0,1,247
3758096386,0,1,28
3758096386,0,1,28
2163119103,0,1,16
2163118985,0,1,152
2163119103,0,1,152
3758096386,0,1,28
3758096386,0,1,28
3758096386,0,1,28
3758096386,0,1,28
4026531834,0,1,182
2163118980,0,1,152
2163119103,0,1,152
3758096386,0,1,28
3758096386,0,1,28
4026531834,0,1,182
4026531834,0,1,182
4026531834,0,1,182
3758096386,0,1,28
3758096386,0,1,28
4026531834,0,1,182
3758096386,0,1,28
3758096386,0,1,28
2163119103,0,1,16
4026531834,0,1,182
4026531834,0,1,182
4026531834,0,1,182
3758096386,0,1,28
3758096386,0,1,28
3758096386,0,1,28
3758096386,0,1,28
3758096386,0,1,28
3758096386,0,1,28
2163119054,0,1,259
2163119103,0,1,259
3758096386,0,1,28
3758096386,0,1,28
3758096386,0,1,28
3758096386,0,1,28
2163119103,0,1,16
2163118985,0,1,152
2163119103,0,1,152
3758096386,0,1,28
3758096386,0,1,28
3758096386,0,1,28
3758096386,0,1,28
2163118980,0,1,152
2163119103,0,1,152
3758096386,0,1,28
3758096386,0,1,28
3758096386,0,1,28
3758096386,0,1,28
3758096386,0,1,28
3758096386,0,1,28
2163119103,0,1,16
3758096386,0,1,28
3758096386,0,1,28
3758096386,0,1,28
3758096386,0,1,28
3758096386,0,1,28
3758096386,0,1,28
3758096635,0,1,138
3758096635,0,1,218
2163119054,0,1,259
2163119103,0,1,259
3758096386,0,1,28
3758096386,0,1,28
3758096635,0,1,148
3758096386,0,1,28
3758096386,0,1,28
2163119103,0,1,16
2163118985,0,1,152
2163119103,0,1,152
3758096386,0,1,28
3758096386,0,1,28
3758096386,0,1,28
3758096386,0,1,28
2163118980,0,1,152
2163119103,0,1,152
3758096386,0,1,28
3758096386,0,1,28
3758096386,0,1,28
3758096386,0,1,28
3758096386,0,1,28
3758096386,0,1,28
2163119103,0,1,16
3758096386,0,1,28
3758096386,0,1,28
3758096386,0,1,28
3758096386,0,1,28
3758096386,0,1,28
3758096386,0,1,28
2163119054,0,1,259
2163119103,0,1,259
3758096386,0,1,28
3758096386,0,1,28
3758096386,0,1,28
3758096386,0,1,28
2163119103,0,1,16
2163118985,0,1,152
2163119103,0,1,152
3758096386,0,1,28
3758096386,0,1,28
4026531834,0,1,182
3758096386,0,1,28
3758096386,0,1,28
2163118980,0,1,152
2163119103,0,1,152
3758096386,0,1,28
3758096386,0,1,28
3758096386,0,1,28
3758096386,0,1,28
3758096386,0,1,28
3758096386,0,1,28
2163119103,0,1,16
3758096635,0,1,1280
3758096635,0,1,356
2163119103,0,1,58
2163119103,0,1,58
2163119103,0,1,58
2163119103,0,1,58
2163119103,0,1,58
4026531834,0,1,182
3758096386,0,1,28
3758096386,0,1,28
3758096635,0,1,340
3758096386,0,1,28
3758096386,0,1,28
3758096635,0,1,340
4026531834,0,1,183
3758096635,0,1,108
301798525,0,1,56
2163118960,0,1,56
4026531834,0,1,183
3758096386,0,1,28
3758096386,0,1,28
3758096635,0,1,72
4026531834,0,1,183
3758096635,0,1,116
3758096635,0,1,116
3758096635,0,1,116
3758096635,0,1,284
2163119054,0,1,259
2163119103,0,1,259
3758096386,0,1,28
3758096386,0,1,28
3758096635,0,1,284
3758096635,0,1,316
3758096635,0,1,93
3758096635,0,1,159
2163119103,0,1,76
2163119103,0,1,76
2163119103,0,1,58
3758096635,0,1,356
4026531834,0,1,183
3758096635,0,1,316
2163119103,0,1,76
2163119103,0,1,76
3758096635,0,1,356
4026531834,0,1,183
3758096635,0,1,284
3758096635,0,1,356
2163119103,0,1,76
2163119103,0,1,76
3758096635,0,1,316
3758096635,0,1,356
3758096386,0,1,28
3758096386,0,1,28
3758096635,0,1,360
3758096635,0,1,671
3758096635,0,1,93
2163119103,0,1,16
3758096635,0,1,910
3758096635,0,1,93
4026531834,0,1,183
2163119103,0,1,76
2163119103,0,1,76
2163119103,0,1,58
2163119103,0,1,221
3758096635,0,1,316
2163118985,0,1,152
2163119103,0,1,152
3758096386,0,1,28
3758096386,0,1,28
3758096635,0,1,72
3758096635,0,1,1070
3758096635,0,1,93
2163119103,0,1,76
2163119103,0,1,76
4026531834,0,1,183
3758096386,0,1,28
3758096386,0,1,28
2163119103,0,1,76
2163119103,0,1,76
3758096635,0,1,93
3758096635,0,1,910
4026531834,0,1,182
2163118980,0,1,152
2163119103,0,1,152
2163119103,0,1,221
3758096386,0,1,28
3758096386,0,1,28
4026531834,0,1,182
4026531834,0,1,182
2163118991,0,1,187
2163119103,0,1,187
2163119103,0,1,76
3758096635,0,1,108
4026531834,0,1,182
3758096635,0,1,250
3758096386,0,1,28
3758096386,0,1,28
2163119103,0,1,76
2163119103,0,1,209
2163119103,0,1,221
2163119103,0,1,76
2163119103,0,1,243
2163119103,0,1,220
2163119103,0,1,182
4026531834,0,1,182
3758096386,0,1,28
3758096386,0,1,28
3758096635,0,1,93
2163119103,0,1,16
4026531834,0,1,182
4026531834,0,1,182
4026531834,0,1,182
3758096386,0,1,28
3758096386,0,1,28
3758096386,0,1,28
3758096386,0,1,28
2163119103,0,1,221
3758096386,0,1,28
3758096386,0,1,28
2163119054,0,1,259
2163119103,0,1,259
3758096386,0,1,28
3758096386,0,1,28
3758096386,0,1,28
3758096386,0,1,28
2163119103,0,1,16
3758096635,0,1,93
4026531834,0,1,145
4026531834,0,1,109
2163118985,0,1,152
2163119103,0,1,152
3758096386,0,1,28
3758096386,0,1,28
3758096635,0,1,82
3758096635,0,1,148
2163081541,0,1,83
2163118960,0,1,115
3758096386,0,1,28
3758096635,0,1,763
3758096386,0,1,28
2163119103,0,1,58
2163119103,0,1,58
2163119103,0,1,58
2163119103,0,1,58
2163119103,0,1,58
2163119103,0,1,209
2163119103,0,1,209
2163119103,0,1,221
2163118980,0,1,152
2163119103,0,1,152
3758096386,0,1,28
3758096386,0,1,28
3758096386,0,1,28
3758096386,0,1,28
3758096386,0,1,28
3758096386,0,1,28
2163119103,0,1,16
3758096386,0,1,28
3758096386,0,1,28
3758096386,0,1,28
3758096386,0,1,28
3758096386,0,1,28
3758096386,0,1,28
2163119054,0,1,259
2163119103,0,1,259
3758096386,0,1,28
3758096386,0,1,28
3758096386,0,1,28
3758096386,0,1,28
2163119103,0,1,16
2163118985,0,1,152
2163119103,0,1,152
3758096386,0,1,28
3758096386,0,1,28
3758096635,0,1,93
3758096386,0,1,28
3758096386,0,1,28
2163118980,0,1,152
2163119103,0,1,152
3758096386,0,1,28
3758096386,0,1,28
3758096386,0,1,28
3758096386,0,1,28
3758096386,0,1,28
3758096386,0,1,28
2163119103,0,1,16
3758096386,0,1,28
3758096386,0,1,28
3758096386,0,1,28
3758096386,0,1,28
3758096386,0,1,28
3758096386,0,1,28
2163119054,0,1,259
2163119103,0,1,259
3758096386,0,1,28
3758096386,0,1,28
3758096386,0,1,28
3758096386,0,1,28
2163119103,0,1,16
3758096386,0,1,28
3758096386,0,1,28
2163118985,0,1,152
2163119103,0,1,152
3758096386,0,1,28
3758096386,0,1,28
2163118980,0,1,152
2163119103,0,1,152
3758096386,0,1,28
3758096386,0,1,28
4026531834,0,1,182
3758096386,0,1,28
3758096386,0,1,28
3758096635,0,1,114
3758096635,0,1,49
3758096635,0,1,138
3758096386,0,1,28
3758096386,0,1,28
3758096635,0,1,114
2163119103,0,1,16
3758096635,0,1,49
3758096386,0,1,28
3758096386,0,1,28
3758096635,0,1,138
3758096635,0,1,138
3758096635,0,1,138
3758096386,0,1,28
3758096386,0,1,28
3758096635,0,1,114
3758096635,0,1,49
3758096635,0,1,114
3758096386,0,1,28
3758096386,0,1,28
2163119054,0,1,259
2163119103,0,1,259
3758096635,0,1,138
3758096386,0,1,28
3758096386,0,1,28
3758096635,0,1,138
3758096635,0,1,138
3758096635,0,1,138
3758096386,0,1,28
3758096386,0,1,28
2163119103,0,1,16
4026531834,0,1,182
3758096635,0,1,138
3758096635,0,1,138
3758096635,0,1,138
3758096386,0,1,28
3758096386,0,1,28
2163118985,0,1,152
2163119103,0,1,152
3758096635,0,1,138
3758096635,0,1,138
3758096386,0,1,28
3758096386,0,1,28
4026531834,0,1,182
2163118980,0,1,152
2163119103,0,1,152
3758096386,0,1,28
3758096386,0,1,28
4026531834,0,1,182
4026531834,0,1,182
4026531834,0,1,182
3758096635,0,1,148
3758096386,0,1,28
3758096386,0,1,28
4026531834,0,1,182
3758096386,0,1,28
3758096386,0,1,28
2163119103,0,1,16
4026531834,0,1,182
4026531834,0,1,182
4026531834,0,1,182
3758096386,0,1,28
3758096386,0,1,28
3758096386,0,1,28
3758096386,0,1,28
3758096386,0,1,28
3758096386,0,1,28
3758096635,0,1,201
3758096635,0,1,295
2163119054,0,1,259
2163119103,0,1,259
3758096386,0,1,28
3758096386,0,1,28
3758096386,0,1,28
3758096386,0,1,28
2163119103,0,1,16
3758096386,0,1,28
3758096386,0,1,28
2163118985,0,1,152
2163119103,0,1,152
3758096386,0,1,28
3758096386,0,1,28
2163118980,0,1,152
2163119103,0,1,152
3758096386,0,1,28
3758096386,0,1,28
3758096386,0,1,28
3758096386,0,1,28
3758096386,0,1,28
3758096386,0,1,28
2163119103,0,1,16
3758096386,0,1,28
3758096386,0,1,28
3758096386,0,1,28
3758096386,0,1,28
3758096386,0,1,28
3758096386,0,1,28
2163119054,0,1,259
2163119103,0,1,259
3758096386,0,1,28
3758096386,0,1,28
3758096386,0,1,28
3758096386,0,1,28
2163119103,0,1,16
3758096386,0,1,28
3758096386,0,1,28
2163118985,0,1,152
2163119103,0,1,152
3758096386,0,1,28
3758096386,0,1,28
2163118980,0,1,152
2163119103,0,1,152
3758096386,0,1,28
3758096386,0,1,28
3758096386,0,1,28
3758096386,0,1,28
3758096386,0,1,28
3758096386,0,1,28
2163119103,0,1,16
3758096386,0,1,28
3758096386,0,1,28
3758096386,0,1,28
3758096386,0,1,28
3758096386,0,1,28
3758096386,0,1,28
2163119054,0,1,259
2163119103,0,1,259
3758096386,0,1,28
3758096386,0,1,28
3758096386,0,1,28
3758096386,0,1,28
2163119103,0,1,16
3758096386,0,1,28
3758096386,0,1,28
2163118985,0,1,152
2163119103,0,1,152
3758096386,0,1,28
3758096386,0,1,28
2163118980,0,1,152
2163119103,0,1,152
3758096386,0,1,28
3758096386,0,1,28
3758096386,0,1,28
3758096386,0,1,28
3758096386,0,1,28
3758096386,0,1,28
2163119103,0,1,16
2163081541,0,1,38
2163118960,0,1,185
2163081541,0,1,44
2163118960,0,1,210
2163081541,0,1,60
2163118960,0,1,113
3758096386,0,1,28
3758096386,0,1,28
3758096635,0,1,148
3758096635,0,1,110
3758096635,0,1,89
4026531834,0,1,182
3758096386,0,1,28
3758096386,0,1,28
4026531834,0,1,182
3758096386,0,1,28
3758096386,0,1,28
2163119054,0,1,259
2163119103,0,1,259
3758096386,0,1,28
3758096386,0,1,28
3758096386,0,1,28
3758096386,0,1,28
2163119103,0,1,16
3758096386,0,1,28
3758096386,0,1,28
2163118985,0,1,152
2163119103,0,1,152
3758096386,0,1,28
3758096386,0,1,28
4026531834,0,1,182
2163118980,0,1,152
2163119103,0,1,152
3758096386,0,1,28
3758096386,0,1,28
4026531834,0,1,182
4026531834,0,1,182
4026531834,0,1,182
3758096386,0,1,28
3758096386,0,1,28
4026531834,0,1,182
4026531834,0,1,182
3758096386,0,1,28
3758096386,0,1,28
2163119103,0,1,16
4026531834,0,1,182
4026531834,0,1,182
4026531834,0,1,182
3758096386,0,1,28
3758096386,0,1,28
3758096386,0,1,28
3758096386,0,1,28
3758096386,0,1,28
3758096386,0,1,28
2163119054,0,1,259
2163119103,0,1,259
3758096386,0,1,28
3758096386,0,1,28
3758096386,0,1,28
3758096386,0,1,28
2163119103,0,1,16
